USE SQL_ExtraAssignment_4;

INSERT INTO `sql_extraassignment_4`.`department` (`department_number`, `department_name`) VALUES ('1', 'Giám Đốc');
INSERT INTO `sql_extraassignment_4`.`department` (`department_number`, `department_name`) VALUES ('2', 'Kỹ Thuật');
INSERT INTO `sql_extraassignment_4`.`department` (`department_number`, `department_name`) VALUES ('3', 'Marketing');
INSERT INTO `sql_extraassignment_4`.`department` (`department_number`, `department_name`) VALUES ('4', 'Sale');
INSERT INTO `sql_extraassignment_4`.`department` (`department_number`, `department_name`) VALUES ('5', 'Bảo Mật ');
INSERT INTO `sql_extraassignment_4`.`department` (`department_number`, `department_name`) VALUES ('6', 'Bảo Vệ');
INSERT INTO `sql_extraassignment_4`.`department` (`department_number`, `department_name`) VALUES ('7', 'Hậu Cần');
INSERT INTO `sql_extraassignment_4`.`department` (`department_number`, `department_name`) VALUES ('8', 'Quản Lý');
INSERT INTO `sql_extraassignment_4`.`department` (`department_number`, `department_name`) VALUES ('9', 'Ngoại Giao');
INSERT INTO `sql_extraassignment_4`.`department` (`department_number`, `department_name`) VALUES ('10', 'Kế Toán');

INSERT INTO `sql_extraassignment_4`.`employee_table` (`employee_number`, `employee_name`, `department_number`) VALUES ('1', 'Hai Long', '1');
INSERT INTO `sql_extraassignment_4`.`employee_table` (`employee_number`, `employee_name`, `department_number`) VALUES ('2', 'Bich Nga', '2');
INSERT INTO `sql_extraassignment_4`.`employee_table` (`employee_number`, `employee_name`, `department_number`) VALUES ('3', 'Minh Duc', '3');
INSERT INTO `sql_extraassignment_4`.`employee_table` (`employee_number`, `employee_name`, `department_number`) VALUES ('4', 'Vu Hai', '4');
INSERT INTO `sql_extraassignment_4`.`employee_table` (`employee_number`, `employee_name`, `department_number`) VALUES ('5', 'Viet Hung', '5');
INSERT INTO `sql_extraassignment_4`.`employee_table` (`employee_number`, `employee_name`, `department_number`) VALUES ('6', 'Hoang My', '6');
INSERT INTO `sql_extraassignment_4`.`employee_table` (`employee_number`, `employee_name`, `department_number`) VALUES ('7', 'Anh Cham', '7');
INSERT INTO `sql_extraassignment_4`.`employee_table` (`employee_number`, `employee_name`, `department_number`) VALUES ('8', 'Phuong Trang', '8');
INSERT INTO `sql_extraassignment_4`.`employee_table` (`employee_number`, `employee_name`, `department_number`) VALUES ('9', 'Quynh Anh', '9');
INSERT INTO `sql_extraassignment_4`.`employee_table` (`employee_number`, `employee_name`, `department_number`) VALUES ('10', 'Khac Viet', '10');
INSERT INTO `sql_extraassignment_4`.`employee_table` (`employee_number`, `employee_name`, `department_number`) VALUES ('11', 'Tuan Hung', '2');
INSERT INTO `sql_extraassignment_4`.`employee_table` (`employee_number`, `employee_name`, `department_number`) VALUES ('12', 'Hoang Dung', '4');
INSERT INTO `sql_extraassignment_4`.`employee_table` (`employee_number`, `employee_name`, `department_number`) VALUES ('13', 'Duc Manh', '5');
INSERT INTO `sql_extraassignment_4`.`employee_table` (`employee_number`, `employee_name`, `department_number`) VALUES ('14', 'Tien Dat', '7');
INSERT INTO `sql_extraassignment_4`.`employee_table` (`employee_number`, `employee_name`, `department_number`) VALUES ('15', 'Xuan Nam', '9');

INSERT INTO `sql_extraassignment_4`.`employee_skill_table` (`employee_number`, `skill_code`, `date_registered`) VALUES ('1', 'Java,Android,IOS', '2021-05-12');
INSERT INTO `sql_extraassignment_4`.`employee_skill_table` (`employee_number`, `skill_code`, `date_registered`) VALUES ('2', 'C++,C#', '2021-06-13');
INSERT INTO `sql_extraassignment_4`.`employee_skill_table` (`employee_number`, `skill_code`, `date_registered`) VALUES ('3', 'C#', '2021-06-15');
INSERT INTO `sql_extraassignment_4`.`employee_skill_table` (`employee_number`, `skill_code`, `date_registered`) VALUES ('4', 'SQL,Python', '2021-08-08');
INSERT INTO `sql_extraassignment_4`.`employee_skill_table` (`employee_number`, `skill_code`, `date_registered`) VALUES ('5', 'Python', '2021-08-16');
INSERT INTO `sql_extraassignment_4`.`employee_skill_table` (`employee_number`, `skill_code`, `date_registered`) VALUES ('6', 'Android', '2021-08-23');
INSERT INTO `sql_extraassignment_4`.`employee_skill_table` (`employee_number`, `skill_code`, `date_registered`) VALUES ('7', 'IOS', '2021-08-31');
INSERT INTO `sql_extraassignment_4`.`employee_skill_table` (`employee_number`, `skill_code`, `date_registered`) VALUES ('8', 'Java', '2021-09-08');
INSERT INTO `sql_extraassignment_4`.`employee_skill_table` (`employee_number`, `skill_code`, `date_registered`) VALUES ('9', 'IOS', '2021-12-13');
INSERT INTO `sql_extraassignment_4`.`employee_skill_table` (`employee_number`, `skill_code`, `date_registered`) VALUES ('10', 'Android', '2021-12-15');
INSERT INTO `sql_extraassignment_4`.`employee_skill_table` (`employee_number`, `skill_code`, `date_registered`) VALUES ('11', 'C++','2021-03-15');
INSERT INTO `sql_extraassignment_4`.`employee_skill_table` (`employee_number`, `skill_code`, `date_registered`) VALUES ('12', 'C#', '2021-01-11');
INSERT INTO `sql_extraassignment_4`.`employee_skill_table` (`employee_number`, `skill_code`, `date_registered`) VALUES ('13', 'SQL', '2021-01-22');
INSERT INTO `sql_extraassignment_4`.`employee_skill_table` (`employee_number`, `skill_code`, `date_registered`) VALUES ('14', 'Java', '2021-02-18');
INSERT INTO `sql_extraassignment_4`.`employee_skill_table` (`employee_number`, `skill_code`, `date_registered`) VALUES ('15', 'Python', '2021-03-23');
INSERT INTO `sql_extraassignment_4`.`employee_skill_table` (`employee_number`, `skill_code`, `date_registered`) VALUES ('1', 'Android', '2021-09-15');
INSERT INTO `sql_extraassignment_4`.`employee_skill_table` (`employee_number`, `skill_code`, `date_registered`) VALUES ('3', 'C++', '2021-09-23');
INSERT INTO `sql_extraassignment_4`.`employee_skill_table` (`employee_number`, `skill_code`, `date_registered`) VALUES ('5', 'SQL', '2021-10-20');
INSERT INTO `sql_extraassignment_4`.`employee_skill_table` (`employee_number`, `skill_code`, `date_registered`) VALUES ('9', 'Java', '2021-12-01');
INSERT INTO `sql_extraassignment_4`.`employee_skill_table` (`employee_number`, `skill_code`, `date_registered`) VALUES ('1', 'IOS', '2021-12-20');
INSERT INTO `sql_extraassignment_4`.`employee_skill_table` (`employee_number`, `skill_code`, `date_registered`) VALUES ('3', 'Python', '2021-08-10');
INSERT INTO `sql_extraassignment_4`.`employee_skill_table` (`employee_number`, `skill_code`, `date_registered`) VALUES ('13', 'Java', '2021-10-20');
